Top queries,Clicks,Impressions,CTR,Position
sonnenhof herrsching,24,74,32.43%,1.61
ferienwohnung sonnenhof herrsching,10,30,33.33%,1
sonnenhof herrsching am ammersee,10,28,35.71%,1
ferienwohnung herrsching,7,145,4.83%,8.9
ferienwohnung ammersee,2,194,1.03%,15.76
ammersee ferienwohnung mit frühstück,2,40,5%,5.75
ammersee mit hund,2,26,7.69%,3.12
ammersee pension,2,22,9.09%,10.55
herrsching am ammersee ferienwohnung,1,77,1.3%,12
pension herrsching am ammersee,1,76,1.32%,6.28
pension herrsching,1,67,1.49%,5.07
ferienwohnungen herrsching am ammersee,1,63,1.59%,8.11
ferienwohnung ammersee herrsching,1,49,2.04%,12.8
fewo ammersee herrsching,1,44,2.27%,8.89
ammersee mit kindern,1,29,3.45%,2.9
herrsching pension mit frühstück,1,23,4.35%,7.61
ferienwohnung herrsching privat,1,18,5.56%,9.61
familienurlaub ammersee,1,10,10%,8.5
urlaub mit hund ammersee,1,8,12.5%,19.12
wandern ammersee schlucht,1,6,16.67%,2.83
ammersee ferienhaus mit hund,1,5,20%,8.2
ammersee ferienwohnung privat,1,2,50%,55.5
hotel sonnenhof herrsching,1,1,100%,1
herrsching ferienwohnung,0,111,0%,8.13
ferienwohnung herrsching am ammersee,0,100,0%,9.63
ferienwohnungen herrsching,0,92,0%,8.15
ammersee hotel sonnenhof,0,72,0%,11.65
pension ammersee,0,59,0%,8.17
ferienwohnung ammersee mit hund,0,50,0%,13.82
übernachtung ammersee,0,45,0%,29.22
fewo herrsching,0,39,0%,9.18
pension am ammersee,0,34,0%,14.59
herrsching am ammersee unterkunft,0,33,0%,9.7
ammersee zimmer,0,32,0%,3.16
urlaub am ammersee pension,0,30,0%,9.47
ammersee ferienwohnung,0,29,0%,36.93
ferienwohnung in herrsching,0,28,0%,8.46
ferienwohnung sonnenhof,0,26,0%,14.81
herrsching einwohner,0,25,0%,1
ausflugsziele am ammersee,0,25,0%,8.4
pension utting am ammersee,0,23,0%,7.74
plz herrsching,0,21,0%,1.33
herrsching plz,0,20,0%,1
ammersee herrsching ferienwohnung,0,19,0%,10.63
sonnenhof,0,19,0%,12.68
ammersee wandern wasserfall,0,18,0%,11.78
pension ammersee günstig,0,18,0%,15.5
herrsching zimmer,0,17,0%,3.88
unterkünfte ammersee,0,17,0%,47.94
herrsching postleitzahl,0,16,0%,1
postleitzahl herrsching,0,16,0%,1
pension ammersee herrsching,0,16,0%,7.19
ammersee blog,0,16,0%,9.5
unterkunft herrsching ammersee,0,16,0%,9.94
fewo herrsching ammersee,0,15,0%,7.47
apartments in herrsching am ammersee,0,15,0%,9.67
herrsching am ammersee sehenswürdigkeiten,0,15,0%,11.47
ausflugsziele ammersee und umgebung,0,15,0%,12.6
ammersee kinder,0,14,0%,8.5
ferienwohnung in herrsching am ammersee,0,14,0%,8.5
ammersee urlaub mit hund,0,14,0%,18.07
"sonnenhof herrsching,brand,niedrig,1",0,13,0%,1.31
ferienwohnung herrsching mit hund,0,13,0%,8.31
herrsching unterkunft,0,13,0%,9.62
einzelzimmer ammersee,0,13,0%,12.46
urlaub am ammersee,0,13,0%,24.54
orte am ammersee,0,12,0%,4.5
herrsching pension,0,12,0%,5.58
ausflugsziele ammersee,0,12,0%,10.58
herrsching altstadt,0,11,0%,10.55
unterkünfte herrsching am ammersee,0,11,0%,10.64
unterkunft herrsching,0,11,0%,14.09
ammersee pension mit frühstück,0,11,0%,27.55
unterkunft ammersee,0,11,0%,33.09
herrsching ammersee ferienwohnung,0,10,0%,8.6
ammersee ausflugsziele,0,10,0%,10.4
ferienwohnung mit hund am ammersee,0,10,0%,13
ammersee urlaub mit kindern,0,9,0%,6.78
urlaub am ammersee mit kindern,0,9,0%,9.78
herrsching am ammersee altstadt,0,9,0%,10.44
sehenswürdigkeiten herrsching am ammersee,0,9,0%,12.78
pension sonnenhof,0,9,0%,14
sonnenhof münchen,0,9,0%,15.33
"pension herrsching,lokal - hauptkeyword,mittel,1",0,9,0%,18.33
ferienwohnung herrsching ammersee,0,9,0%,18.89
ammersee ferienwohnung mit hund,0,9,0%,25.33
plz herrsching am ammersee,0,8,0%,1
einwohner herrsching,0,8,0%,1.25
aktivitäten am ammersee,0,8,0%,10.38
ferienwohnung münchen und umgebung,0,8,0%,14
ferienwohnung mit hund ammersee,0,8,0%,16
urlaub am ammersee mit hund,0,8,0%,26.75
inning am ammersee,0,7,0%,2.86
"sonnenhof ammersee,brand,niedrig,1",0,7,0%,3.29
ammersee hunde,0,7,0%,5.86
fünfseenland beanie,0,7,0%,11.57
urlaub ammersee,0,7,0%,12.29
ferienwohnung am ammersee mit hund,0,7,0%,14.43
herbst im fünfseenland,0,7,0%,16.29
"unterkunft fünfseenland,region,mittel,2",0,7,0%,34.71
fahrradverleih münchen innenstadt,0,7,0%,86
ammersee hotel preise,0,6,0%,4.33
herrsching am ammersee pension,0,6,0%,8.33
herrsching übernachtung,0,6,0%,8.33
herrsching am ammersee ferienwohnungen,0,6,0%,8.83
fünfseenland blog,0,6,0%,14.5
pension andechs,0,6,0%,21.5
urlaub fünfseenland,0,6,0%,23.33
"ferienwohnung ammersee baden,aktivitäten,mittel,2",0,6,0%,27.67
pensionen am ammersee,0,6,0%,36.83
vierbeinige chefin,0,6,0%,45.17
herrsching am ammersee postleitzahl,0,5,0%,1
sonnenhof ammersee,0,5,0%,1
herrsching am ammersee fewo,0,5,0%,7
fewo ammersee mit hund,0,5,0%,7.8
übernachtung herrsching,0,5,0%,8.6
gut sonnenhof,0,5,0%,8.8
ferienhaus ammersee mit hund,0,5,0%,9
urlaub mit hund am ammersee,0,5,0%,9
was kann man am ammersee machen,0,5,0%,9.4
ferienwohnung unterschleiãÿheim,0,5,0%,10.6
sonnenhof ferienwohnung,0,5,0%,11.2
ammersee unterkunft,0,5,0%,14.6
ferienwohnung am ammersee,0,5,0%,29.6
"urlaub ammersee günstig,preis,mittel,2",0,5,0%,41.4
ammersee ferienwohnungen,0,5,0%,61
pension region münchen,0,5,0%,92
herrsching am ammersee einwohner,0,4,0%,1
ammersee,0,4,0%,2
sonnenhof in der nähe,0,4,0%,2.5
ammersee orte,0,4,0%,2.75
dießen am ammersee,0,4,0%,5
ausflüge ammersee,0,4,0%,5.25
ammersee sehenswürdigkeiten pähler schlucht,0,4,0%,6.5
sonnenhof pension,0,4,0%,8
ferienhaus mit hund ammersee,0,4,0%,10.25
der sonnenhof,0,4,0%,14.75
ammersee sehenswürdigkeiten,0,4,0%,24.75
fewo ammersee,0,4,0%,28
ferienwohnungen ammersee,0,4,0%,39.75
wohnung herrsching,0,4,0%,61
dießen am ammersee pension,0,4,0%,63
82211 herrsching,0,3,0%,1
herrsching am ammersee plz,0,3,0%,1
plz 82211,0,3,0%,1
"ferienwohnung ammersee,lokal - hauptkeyword,hoch,1",0,3,0%,1.33
news ammersee,0,3,0%,4
apartment,0,3,0%,4.33
dießen,0,3,0%,4.67
ferienheim sonnenhof,0,3,0%,5.33
herrsching am ammersee ferienhäuser,0,3,0%,7.33
hotel sonnenhof,0,3,0%,7.33
ausflugsziel ammersee,0,3,0%,8
herrsching am ammersee fewos,0,3,0%,8
hundestrand ammersee,0,3,0%,8.33
fünf-seen-land unterkunft,0,3,0%,9.67
ammersee pension direkt am see,0,3,0%,12
ammersee übernachtung mit frühstück,0,3,0%,13
pension dießen am ammersee,0,3,0%,13.33
"pension ammersee hund erlaubt,nische - hund,niedrig,2",0,3,0%,22.33
ammersee ferienwohnung herrsching,0,3,0%,29.33
unterkunft am ammersee,0,3,0%,52.67
radwege fünfseenland,0,3,0%,71.33
ferienhäuser ammersee,0,3,0%,76.67
ammersee feldkirchen,0,2,0%,1
ammersee landkreis,0,2,0%,1
haus sonnenhof,0,2,0%,2
herrsching am ammersee,0,2,0%,2
wo ist es am schönsten am ammersee,0,2,0%,2
dießen ammersee,0,2,0%,3
breitbrunn ammersee,0,2,0%,3.5
monteurzimmer,0,2,0%,5.5
campingplatz ammersee mit hund,0,2,0%,6
webcam ammersee diessen,0,2,0%,6
urlaub ammersee mit hund,0,2,0%,7
ferienhaus mit hund eingezäuntes grundstück ammersee,0,2,0%,8
herrsching am ammersee ferienhaus,0,2,0%,8
aktivitäten ammersee schlechtes wetter,0,2,0%,10
ferienwohnungen am ammersee,0,2,0%,10
schönster ort am ammersee,0,2,0%,11.5
sonnehof,0,2,0%,11.5
sehenswürdigkeiten in herrsching am ammersee,0,2,0%,12.5
schondorf,0,2,0%,15
ammersee beanie,0,2,0%,19
"ferienwohnung herrsching,lokal - hauptkeyword,mittel,1",0,2,0%,20
fünfseenland cap,0,2,0%,21.5
herrsching am ammersee parken,0,2,0%,22.5
ferienwohnung direkt am ammersee,0,2,0%,25
übernachtung am ammersee,0,2,0%,26.5
ammersee aktivitäten,0,2,0%,31.5
ausflug zum ammersee,0,2,0%,41.5
wohnung mieten herrsching,0,2,0%,41.5
ammersee unterkunft direkt am see,0,2,0%,42
wohnung herrsching mieten,0,2,0%,51
herrsching wohnung,0,2,0%,53
sonnenuntergang herrsching,0,2,0%,55
herrsching bei münchen,0,2,0%,61.5
sonnenhof fotos,0,2,0%,73.5
ammersee übernachtung,0,2,0%,84.5
ammersee aktuell,0,1,0%,1
ammersee postleitzahl,0,1,0%,1
ammersee österreich,0,1,0%,1
dießen am ammersee postleitzahl,0,1,0%,1
günstige zimmer privat,0,1,0%,1
herrsching restaurant,0,1,0%,1
pflegeheim sonnenhof,0,1,0%,1
plz diessen ammersee,0,1,0%,1
postleitzahl herrsching am ammersee,0,1,0%,1
wie lange läuft man von herrsching nach andechs,0,1,0%,1
82211 herrsching am ammersee,0,1,0%,2
apartment sonnenhof,0,1,0%,2
buch am ammersee,0,1,0%,2
buch ammersee,0,1,0%,2
bucha,0,1,0%,2
orte ammersee,0,1,0%,2
sonnenhof apartment,0,1,0%,2
sonnenhof holzhausen,0,1,0%,2
ammersee karte,0,1,0%,3
ammersee schifffahrt,0,1,0%,3
diessen,0,1,0%,3
dießen am ammersee shopping,0,1,0%,3
herrsching online.de,0,1,0%,3
hotel doppelzimmer,0,1,0%,3
hotels comn,0,1,0%,3
inning,0,1,0%,3
mvz herrsching,0,1,0%,3
schondorf am ammersee,0,1,0%,3
stegen ammersee restaurant,0,1,0%,3
wertstoffhof schondorf,0,1,0%,3
ammersee google maps,0,1,0%,4
bischbrunn,0,1,0%,4
dießen am ammersee innenstadt,0,1,0%,4
ferienwohnung fünfseenland,0,1,0%,4
ort am ammersee,0,1,0%,4
wetter dießen ammersee 14 tage,0,1,0%,4
ammersee hotel,0,1,0%,5
camping ammersee,0,1,0%,5
geisenbrunn,0,1,0%,5
gilching,0,1,0%,5
herrsching a. ammersee,0,1,0%,5
postleitzahl inning am ammersee,0,1,0%,5
raisting ammersee,0,1,0%,5
rosengarten münchen biergarten,0,1,0%,6
monteurszimmer,0,1,0%,7
hdbl herrsching,0,1,0%,9
herrsching innenstadt,0,1,0%,9
loh diessen öffnungszeiten,0,1,0%,9
pension am sonnenhof,0,1,0%,9
wetter herrsching ammersee,0,1,0%,9
ammersee ausflüge,0,1,0%,10
ammersee urlaub,0,1,0%,10
herrsching nachrichten,0,1,0%,10
ferienhaus am ammersee mit hund,0,1,0%,11
ferienwohnungen sonnenhof,0,1,0%,11
panoramaweg herrsching,0,1,0%,11
schöne orte in der nähe,0,1,0%,11
ammersee schönste orte,0,1,0%,12
ferienhaus sonnenhof,0,1,0%,12
unternehmungen ammersee,0,1,0%,12
ferienwohnung fewo ammersee,0,1,0%,13
ferienwohnung oberschleiãÿheim,0,1,0%,13
sehenswürdigkeiten ammersee,0,1,0%,14
where to find apartments nearby,0,1,0%,14
ferienhaus herrsching am ammersee,0,1,0%,15
stadt am ammersee,0,1,0%,16
ammersee pensionen mit frühstück,0,1,0%,18
pension sonnenhof fotos,0,1,0%,18
ammer see ferienwohnung,0,1,0%,21
ammersee unterkünfte,0,1,0%,21
ferienwohnung stamp herrsching,0,1,0%,21
sport mit kinderwagen herrsching am ammersee,0,1,0%,27
wandern ammersee,0,1,0%,28
ammersee wanderung,0,1,0%,29
dießen bahnhof,0,1,0%,29
ammersee aktivitäten winter,0,1,0%,30
weßlinger see beanie,0,1,0%,30
sonnenhof übersee,0,1,0%,40
restaurant herrsching,0,1,0%,41
baden am ammersee,0,1,0%,43
wohnung in herrsching mieten,0,1,0%,43
sehenswürdigkeiten am ammersee,0,1,0%,44
wanderung ammersee,0,1,0%,46
ferienwohnung ammersee privat,0,1,0%,47
ferienwohnung am ammersee und umgebung,0,1,0%,48
ferienwohnung in der nähe von münchen,0,1,0%,48
ferienwohnung ammersee mit seeblick,0,1,0%,53
pilsensee ferienwohnung,0,1,0%,60
pension sonnenhof walchsee,0,1,0%,63
herrsching deutschland,0,1,0%,65
urlaub auf dem bauernhof ammersee,0,1,0%,70
geheimtipp ammersee,0,1,0%,71
herrsching sehenswürdigkeiten,0,1,0%,71
hotel am see herrsching,0,1,0%,71
seehof herrsching,0,1,0%,75
wohnungen herrsching,0,1,0%,76
ferienwohnung privat ammersee,0,1,0%,78
ferienwohnung sonnen,0,1,0%,82
ferienwohnungen am ammersee mit seeblick,0,1,0%,84